Workbook

Sheet 의사조합
A1: 조합명 | B1: 요일 | C1: 구분 | D1: 필요인원 | E1: 의사1 | F1: 의사2 | G1: 의사3
A2: =VLOOKUP(E2,의사목록!$A:$B,2,FALSE) & VLOOKUP(F2,의사목록!$A:$B,2,FALSE) & VLOOKUP(G2,의사목록!$A:$B,2,FALSE) -> 박구윤 | B2: 월요일 | D2: 9 | E2: 박창범 | F2: 구윤진 | G2: 윤아향
A3: =VLOOKUP(E3,의사목록!$A:$B,2,FALSE) & VLOOKUP(F3,의사목록!$A:$B,2,FALSE) & VLOOKUP(G3,의사목록!$A:$B,2,FALSE) -> 박구윤 | B3: 월요일 | C3: 야간 | D3: 15 | E3: 박창범 | F3: 구윤진 | G3: 윤아향
A4: =VLOOKUP(E4,의사목록!$A:$B,2,FALSE) & VLOOKUP(F4,의사목록!$A:$B,2,FALSE) & VLOOKUP(G4,의사목록!$A:$B,2,FALSE) -> #N/A
A5: =VLOOKUP(E5,의사목록!$A:$B,2,FALSE) & VLOOKUP(F5,의사목록!$A:$B,2,FALSE) & VLOOKUP(G5,의사목록!$A:$B,2,FALSE) -> #N/A
A6: =VLOOKUP(E6,의사목록!$A:$B,2,FALSE) & VLOOKUP(F6,의사목록!$A:$B,2,FALSE) & VLOOKUP(G6,의사목록!$A:$B,2,FALSE) -> #N/A
A7: =VLOOKUP(E7,의사목록!$A:$B,2,FALSE) & VLOOKUP(F7,의사목록!$A:$B,2,FALSE) & VLOOKUP(G7,의사목록!$A:$B,2,FALSE) -> #N/A
A8: =VLOOKUP(E8,의사목록!$A:$B,2,FALSE) & VLOOKUP(F8,의사목록!$A:$B,2,FALSE) & VLOOKUP(G8,의사목록!$A:$B,2,FALSE) -> #N/A
A9: =VLOOKUP(E9,의사목록!$A:$B,2,FALSE) & VLOOKUP(F9,의사목록!$A:$B,2,FALSE) & VLOOKUP(G9,의사목록!$A:$B,2,FALSE) -> #N/A
A10: =VLOOKUP(E10,의사목록!$A:$B,2,FALSE) & VLOOKUP(F10,의사목록!$A:$B,2,FALSE) & VLOOKUP(G10,의사목록!$A:$B,2,FALSE) -> #N/A
A11: =VLOOKUP(E11,의사목록!$A:$B,2,FALSE) & VLOOKUP(F11,의사목록!$A:$B,2,FALSE) & VLOOKUP(G11,의사목록!$A:$B,2,FALSE) -> #N/A
A12: =VLOOKUP(E12,의사목록!$A:$B,2,FALSE) & VLOOKUP(F12,의사목록!$A:$B,2,FALSE) & VLOOKUP(G12,의사목록!$A:$B,2,FALSE) -> #N/A
A13: =VLOOKUP(E13,의사목록!$A:$B,2,FALSE) & VLOOKUP(F13,의사목록!$A:$B,2,FALSE) & VLOOKUP(G13,의사목록!$A:$B,2,FALSE) -> #N/A
A14: =VLOOKUP(E14,의사목록!$A:$B,2,FALSE) & VLOOKUP(F14,의사목록!$A:$B,2,FALSE) & VLOOKUP(G14,의사목록!$A:$B,2,FALSE) -> #N/A
A15: =VLOOKUP(E15,의사목록!$A:$B,2,FALSE) & VLOOKUP(F15,의사목록!$A:$B,2,FALSE) & VLOOKUP(G15,의사목록!$A:$B,2,FALSE) -> #N/A
... A47: =VLOOKUP(E47,의사목록!$A:$B,2,FALSE) & VLOOKUP(F47,의사목록!$A:$B,2,FALSE) & VLOOKUP(G47,의사목록!$A:$B,2,FALSE) -> #N/A

Sheet 의사목록
A1: 의사명 | B1: 구분
A2: 박창범 | B2: 박
A3: 황우상 | B3: 황
A4: 구윤진 | B4: 구
A5: 박효진 | B5: 효
A6: 윤아향 | B6: 윤

Sheet 목록
A1: 요일 | B1: 구분
A2: 월요일 | B2: 야간
A3: 화요일
A4: 수요일
A5: 목요일
A6: 금요일
A7: 토요일
A8: 일요일
